{"cameraMode":{"drawMode":0,"name":"Shaded","section":"Shading Mode"},"sceneLighting":true,"audioPlay":false,"sceneViewState":{"m_AlwaysRefresh":false,"showFog":true,"showSkybox":true,"showFlares":true,"showImageEffects":true,"showParticleSystems":true,"showVisualEffectGraphs":true,"m_FxEnabled":true},"in2DMode":false,"pivot":{"x":-0.015672001987695695,"y":1.3676809072494507,"z":3.7106130123138429},"rotation":{"x":-0.00016144949768204242,"y":0.9997565150260925,"z":0.020688258111476899,"w":0.007799357175827026},"size":0.015435665845870972,"orthographic":false}