{"cameraMode":{"drawMode":0,"name":"Shaded","section":"Shading Mode"},"sceneLighting":true,"audioPlay":false,"sceneViewState":{"m_AlwaysRefresh":false,"showFog":true,"showSkybox":true,"showFlares":true,"showImageEffects":true,"showParticleSystems":true,"showVisualEffectGraphs":true,"m_FxEnabled":true},"in2DMode":false,"pivot":{"x":-0.18588638305664063,"y":11.79404067993164,"z":50.659732818603519},"rotation":{"x":-0.41213271021842959,"y":-0.007655413821339607,"z":0.00346311554312706,"w":-0.9110825657844544},"size":7.344435214996338,"orthographic":false}